CREATE TABLE "measurements" ("id" INTEGER PRIMARY KEY AUTOINCREMENT NOT NULL, "size" varchar(255), "quantity" float, "abbreviation" varchar(255), "measurement" varchar(255), "measurement_type" varchar(255), "equivalent" varchar(255), "created_at" datetime, "updated_at" datetime);INSERT INTO "measurements" VALUES(3,'',NULL,'lbs.','pound','dry','','2011-03-24 16:52:02.571446','2011-03-24 16:52:02.571446');INSERT INTO "measurements" VALUES(4,'',NULL,'Tbsp','tablespoon','dry','','2011-03-24 16:52:41.495223','2011-03-24 16:52:41.495223');INSERT INTO "measurements" VALUES(5,'',NULL,'tsp','teaspoon','dry','','2011-03-24 16:52:54.916404','2011-03-24 16:52:54.916404');INSERT INTO "measurements" VALUES(6,'',NULL,'cup','cup','dry','','2011-03-24 16:53:09.084198','2011-03-24 16:53:09.084198');INSERT INTO "measurements" VALUES(7,'',NULL,'zest','zest','dry','','2011-03-24 16:53:43.139318','2011-03-24 16:53:43.139318');INSERT INTO "measurements" VALUES(8,'',NULL,'dash','Dash','dry','','2011-03-24 16:53:58.759880','2011-03-24 16:53:58.759880');INSERT INTO "measurements" VALUES(9,'',NULL,'garnish','Garnish','dry','','2011-03-24 16:54:18.119694','2011-03-24 16:54:18.119694');INSERT INTO "measurements" VALUES(10,'',NULL,' ','*empty*','dry','','2011-03-24 21:17:04.517337','2011-03-24 21:17:04.517337');INSERT INTO "measurements" VALUES(11,'',NULL,' ','*empty*','wet','','2011-03-24 21:17:19.877151','2011-03-24 21:17:19.877151');CREATE TABLE "ingredients" ("id" INTEGER PRIMARY KEY AUTOINCREMENT NOT NULL, "measurement_id" integer, "recipe_id" integer, "quantity" varchar(255), "food" varchar(255), "created_at" datetime, "updated_at" datetime);INSERT INTO "ingredients" VALUES(1,3,3,'1','chicken scaloppini (about 4 ounces each) ','2011-03-24 17:27:23.431292','2011-03-24 22:30:14.790027');INSERT INTO "ingredients" VALUES(2,8,3,'1','Kosher salt and freshly ground black pepper','2011-03-24 17:27:23.469631','2011-03-24 22:30:30.723231');INSERT INTO "ingredients" VALUES(3,4,3,'1','all-purpose flour','2011-03-24 17:27:23.470296','2011-03-24 22:30:50.724865');INSERT INTO "ingredients" VALUES(4,5,3,'1','all-purpose flour','2011-03-24 17:27:23.470881','2011-03-24 22:30:56.069541');INSERT INTO "ingredients" VALUES(5,5,3,'3','extra-virgin olive oil','2011-03-24 17:27:23.471464','2011-03-24 22:31:02.831022');INSERT INTO "ingredients" VALUES(6,7,3,'1','lemon','2011-03-24 17:27:23.472048','2011-03-24 22:31:18.509174');INSERT INTO "ingredients" VALUES(7,4,3,'2','lemon juice','2011-03-24 17:27:23.472645','2011-03-24 22:31:25.083183');INSERT INTO "ingredients" VALUES(8,5,3,'1','white wine vinegar','2011-03-24 17:27:23.473263','2011-03-24 22:31:30.741286');INSERT INTO "ingredients" VALUES(9,4,3,'2','chopped fresh parsley','2011-03-24 17:27:23.473868','2011-03-24 22:31:37.345619');INSERT INTO "ingredients" VALUES(10,9,3,'1','chopped fresh parsley','2011-03-24 17:27:23.474511','2011-03-24 22:31:41.413150');INSERT INTO "ingredients" VALUES(11,4,3,'1','capers, drained and rinsed','2011-03-24 17:27:23.475111','2011-03-24 22:31:50.094799');INSERT INTO "ingredients" VALUES(12,4,3,'1','unsalted butter','2011-03-24 17:27:23.475714','2011-03-24 22:31:55.765031');INSERT INTO "ingredients" VALUES(13,9,3,'1','baby arugula','2011-03-24 17:27:23.476389','2011-03-24 22:32:01.876804');CREATE TABLE "recipes" ("id" INTEGER PRIMARY KEY AUTOINCREMENT NOT NULL, "ingredient_id" integer, "direction_id" integer, "title" varchar(255), "description" text, "source" varchar(255), "image" varchar(255), "cooktime" varchar(255), "created_at" datetime, "updated_at" datetime, "preptime" varchar(255), "inactive_preptime" varchar(255), "servings" varchar(255));INSERT INTO "recipes" VALUES(3,NULL,NULL,'Chicken Piccata','Piccata is a classic preparation for chicken, but can be heavy on your diet as it''s a butter and wine-based sauce. This lighter version saves you calories by adding the zip of white wine with a tiny bit of vinegar to finish (as opposed to a cup or more simmered down), and getting the most of 1 tablespoon of butter by swirling it into the sauce at the end.','http://www.foodnetwork.com/recipes/food-network-kitchens/chicken-piccata-recipe/index.html','','12 min','2011-03-24 17:27:23.401292','2011-03-24 17:27:23.401292',NULL,NULL,NULL);CREATE TABLE "directions" ("id" INTEGER PRIMARY KEY AUTOINCREMENT NOT NULL, "recipe_id" integer, "number" integer, "instruction" text, "created_at" datetime, "updated_at" datetime);INSERT INTO "directions" VALUES(1,1,NULL,'','2011-03-24 16:58:29.351667','2011-03-24 16:58:29.351667');INSERT INTO "directions" VALUES(2,2,NULL,'','2011-03-24 17:04:42.867581','2011-03-24 17:04:42.867581');INSERT INTO "directions" VALUES(3,3,1,'Season the chicken with salt and pepper and sprinkle with 1 tablespoon flour. ','2011-03-24 17:27:23.477089','2011-03-24 17:27:23.477089');INSERT INTO "directions" VALUES(4,3,NULL,'Heat 2 teaspoons oil in a large nonstick skillet over medium-high heat until very hot; cook the cutlets until opaque throughout, 1 to 2 minutes per side. Transfer the cutlets to a plate. (Reserve the skillet.) Reduce the heat under the skillet to medium. ','2011-03-24 17:27:23.482928','2011-03-24 17:27:23.482928');INSERT INTO "directions" VALUES(5,3,NULL,'Add the remaining teaspoon oil and garlic to the same skillet; cook until fragrant, about 1 minute.','2011-03-24 17:27:23.483499','2011-03-24 17:27:23.483499');INSERT INTO "directions" VALUES(6,3,NULL,'Whisk together the broth, lemon juice and 1 teaspoon flour, and add to the pan.','2011-03-24 17:27:23.484058','2011-03-24 17:27:23.484058');INSERT INTO "directions" VALUES(7,3,NULL,'Simmer sauce until reduced and thickened, 2 to 3 minutes.','2011-03-24 17:27:23.484612','2011-03-24 17:27:23.484612');INSERT INTO "directions" VALUES(8,3,NULL,'Stir in the vinegar, parsley and capers.','2011-03-24 17:27:23.485171','2011-03-24 17:27:23.485171');INSERT INTO "directions" VALUES(9,3,NULL,'Swirl in the butter until sauce is shiny and slightly thickened. ','2011-03-24 17:27:23.485830','2011-03-24 17:27:23.485830');INSERT INTO "directions" VALUES(10,3,NULL,'Serve chicken with the sauce. Toss the arugula and freshly grated lemon zest with a light drizzle of olive oil; season to taste with salt and pepper, scatter over chicken. Serve with pasta or potatoes as desired. ','2011-03-24 17:27:23.486431','2011-03-24 17:27:23.486431');CREATE TABLE "sessions" ("id" INTEGER PRIMARY KEY AUTOINCREMENT NOT NULL, "session_id" varchar(255) NOT NULL, "data" text, "created_at" datetime, "updated_at" datetime);DELETE FROM sqlite_sequence;INSERT INTO "sqlite_sequence" VALUES('sessions',3);INSERT INTO "sqlite_sequence" VALUES('measurements',11);INSERT INTO "sqlite_sequence" VALUES('recipes',3);INSERT INTO "sqlite_sequence" VALUES('directions',10);INSERT INTO "sqlite_sequence" VALUES('ingredients',13);CREATE UNIQUE INDEX "unique_schema_migrations" ON "schema_migrations" ("version");CREATE INDEX "index_sessions_on_session_id" ON "sessions" ("session_id");CREATE INDEX "index_sessions_on_updated_at" ON "sessions" ("updated_at");COMMIT;